day,site,line_item,campaign,imps,clicks,ctr,total_convs,convs_rate,revenue,rpm,total_network_rpm,cost,cpm,profit,ppm
2017-03-01,Aladin RTB (2512901),External Buyers,External Buyers,12,0,0.000000000000000000,0,0.000000000000000000,0.000671,0.055916666666666666667000,0.055916666666666666667000,0.000000,0.000000000000000000000000,0.000671,0.055916666666666666667000
2017-03-01,Aladin RTB (2512901),Blank,Blank,10,0,0.000000000000000000,0,0.000000000000000000,0.000000,0.000000000000000000000000,0.000000000000000000000000,0.000000,0.000000000000000000000000,0.000000,0.000000000000000000000000
2017-03-02,Aladin Premium (2513050),Tri Hutch - KlikFilm (3850763),Tri Hutch - WarkopDKIReborn (16041865),751,17,0.022636484687083888,0,0.000000000000000000,0.000000,0.000000000000000000000000,0.000000000000000000000000,0.000000,0.000000000000000000000000,0.000000,0.000000000000000000000000
2017-03-02,Aladin Premium (2513050),Blank,Blank,569,0,0.000000000000000000,0,0.000000000000000000,0.000000,0.000000000000000000000000,0.000000000000000000000000,0.000000,0.000000000000000000000000,0.000000,0.000000000000000000000000
2017-03-02,Aladin Premium (2513050),Tri Hutch - KlikFilm (3850763),Tri Hutch - MSB (16042160),177,2,0.011299435028248588,0,0.000000000000000000,0.000000,0.000000000000000000000000,0.000000000000000000000000,0.000000,0.000000000000000000000000,0.000000,0.000000000000000000000000
2017-03-02,Aladin Premium (2513050),Tri Hutch - TriXogo (3848713),Tri Hutch - Angry Birds (16035226),159,6,0.037735849056603774,0,0.000000000000000000,0.000000,0.000000000000000000000000,0.000000000000000000000000,0.000000,0.000000000000000000000000,0.000000,0.000000000000000000000000
2017-03-02,Aladin Premium (2513050),Tri Hutch - TriXogo (3848713),Tri Hutch - ColinMcraeRally (16038511),59,0,0.000000000000000000,0,0.000000000000000000,0.000000,0.000000000000000000000000,0.000000000000000000000000,0.000000,0.000000000000000000000000,0.000000,0.000000000000000000000000
2017-03-02,Aladin Premium (2513050),Tri Hutch - TriXogo (3848713),Tri Hutch - n7Player (16041228),52,0,0.000000000000000000,0,0.000000000000000000,0.000000,0.000000000000000000000000,0.000000000000000000000000,0.000000,0.000000000000000000000000,0.000000,0.000000000000000000000000
2017-03-02,Aladin Premium (2513050),Tri Hutch - TriXogo (3848713),Tri Hutch - HDRCamera (16041178),49,2,0.040816326530612245,0,0.000000000000000000,0.000000,0.000000000000000000000000,0.000000000000000000000000,0.000000,0.000000000000000000000000,0.000000,0.000000000000000000000000
2017-03-02,Aladin Premium (2513050),Tri Hutch - TriXogo (3848713),Tri Hutch - DuBatterySaver (16041132),46,0,0.000000000000000000,0,0.000000000000000000,0.000000,0.000000000000000000000000,0.000000000000000000000000,0.000000,0.000000000000000000000000,0.000000,0.000000000000000000000000
2017-03-02,Aladin Premium (2513050),Tri Hutch - TriXogo (3848713),Tri Hutch - PrinceOfPersia (16041271),40,1,0.025000000000000000,0,0.000000000000000000,0.000000,0.000000000000000000000000,0.000000000000000000000000,0.000000,0.000000000000000000000000,0.000000,0.000000000000000000000000
2017-03-02,Aladin RTB (2512901),External Buyers,External Buyers,20,0,0.000000000000000000,0,0.000000000000000000,0.002602,0.130100000000000000000000,0.130100000000000000000000,0.000000,0.000000000000000000000000,0.002602,0.130100000000000000000000
2017-03-02,Aladin RTB (2512901),Blank,Blank,8,0,0.000000000000000000,0,0.000000000000000000,0.000000,0.000000000000000000000000,0.000000000000000000000000,0.000000,0.000000000000000000000000,0.000000,0.000000000000000000000000
2017-03-03,Aladin Premium (2513050),Tri Hutch - KlikFilm (3850763),Tri Hutch - MSB (16042160),239,1,0.004184100418410042,0,0.000000000000000000,0.000000,0.000000000000000000000000,0.000000000000000000000000,0.000000,0.000000000000000000000000,0.000000,0.000000000000000000000000
2017-03-03,Aladin Premium (2513050),Tri Hutch - TriXogo (3848713),Tri Hutch - Angry Birds (16035226),213,2,0.009389671361502347,0,0.000000000000000000,0.000000,0.000000000000000000000000,0.000000000000000000000000,0.000000,0.000000000000000000000000,0.000000,0.000000000000000000000000
2017-03-03,Aladin Premium (2513050),Tri Hutch - TriXogo (3848713),Tri Hutch - PrinceOfPersia (16041271),209,3,0.014354066985645933,0,0.000000000000000000,0.000000,0.000000000000000000000000,0.000000000000000000000000,0.000000,0.000000000000000000000000,0.000000,0.000000000000000000000000
2017-03-03,Aladin Premium (2513050),Tri Hutch - TriXogo (3848713),Tri Hutch - HDRCamera (16041178),207,2,0.009661835748792271,0,0.000000000000000000,0.000000,0.000000000000000000000000,0.000000000000000000000000,0.000000,0.000000000000000000000000,0.000000,0.000000000000000000000000
2017-03-03,Aladin Premium (2513050),Tri Hutch - TriXogo (3848713),Tri Hutch - ColinMcraeRally (16038511),206,2,0.009708737864077670,0,0.000000000000000000,0.000000,0.000000000000000000000000,0.000000000000000000000000,0.000000,0.000000000000000000000000,0.000000,0.000000000000000000000000
2017-03-03,Aladin Premium (2513050),Tri Hutch - KlikFilm (3850763),Tri Hutch - WarkopDKIReborn (16041865),201,0,0.000000000000000000,0,0.000000000000000000,0.000000,0.000000000000000000000000,0.000000000000000000000000,0.000000,0.000000000000000000000000,0.000000,0.000000000000000000000000
2017-03-03,Aladin Premium (2513050),Tri Hutch - BonsTri (3850692),Tri Hutch - BonsTri (16041529),199,6,0.030150753768844221,0,0.000000000000000000,0.000000,0.000000000000000000000000,0.000000000000000000000000,0.000000,0.000000000000000000000000,0.000000,0.000000000000000000000000
2017-03-03,Aladin Premium (2513050),Tri Hutch - TriXogo (3848713),Tri Hutch - n7Player (16041228),199,2,0.010050251256281407,0,0.000000000000000000,0.000000,0.000000000000000000000000,0.000000000000000000000000,0.000000,0.000000000000000000000000,0.000000,0.000000000000000000000000
2017-03-03,Aladin Premium (2513050),Tri Hutch - TriXogo (3848713),Tri Hutch - DuBatterySaver (16041132),198,2,0.010101010101010101,0,0.000000000000000000,0.000000,0.000000000000000000000000,0.000000000000000000000000,0.000000,0.000000000000000000000000,0.000000,0.000000000000000000000000
2017-03-03,Aladin RTB (2512901),External Buyers,External Buyers,9,0,0.000000000000000000,0,0.000000000000000000,0.000134,0.014888888888888888889000,0.014888888888888888889000,0.000000,0.000000000000000000000000,0.000134,0.014888888888888888889000
2017-03-03,Aladin RTB (2512901),Blank,Blank,0,0,0.000000000000000000,0,0.000000000000000000,0.000000,0.000000000000000000000000,0.000000000000000000000000,0.000000,0.000000000000000000000000,0.000000,0.000000000000000000000000
2017-03-04,Aladin Premium (2513050),Tri Hutch - TriXogo (3848713),Tri Hutch - ColinMcraeRally (16038511),282,2,0.007092198581560284,0,0.000000000000000000,0.000000,0.000000000000000000000000,0.000000000000000000000000,0.000000,0.000000000000000000000000,0.000000,0.000000000000000000000000
2017-03-04,Aladin Premium (2513050),Tri Hutch - BonsTri (3850692),Tri Hutch - BonsTri (16041529),263,6,0.022813688212927757,0,0.000000000000000000,0.000000,0.000000000000000000000000,0.000000000000000000000000,0.000000,0.000000000000000000000000,0.000000,0.000000000000000000000000
2017-03-04,Aladin Premium (2513050),Tri Hutch - TriXogo (3848713),Tri Hutch - n7Player (16041228),256,4,0.015625000000000000,0,0.000000000000000000,0.000000,0.000000000000000000000000,0.000000000000000000000000,0.000000,0.000000000000000000000000,0.000000,0.000000000000000000000000
2017-03-04,Aladin Premium (2513050),Tri Hutch - TriXogo (3848713),Tri Hutch - DuBatterySaver (16041132),240,3,0.012500000000000000,0,0.000000000000000000,0.000000,0.000000000000000000000000,0.000000000000000000000000,0.000000,0.000000000000000000000000,0.000000,0.000000000000000000000000
2017-03-04,Aladin Premium (2513050),Tri Hutch - KlikFilm (3850763),Tri Hutch - MSB (16042160),240,0,0.000000000000000000,0,0.000000000000000000,0.000000,0.000000000000000000000000,0.000000000000000000000000,0.000000,0.000000000000000000000000,0.000000,0.000000000000000000000000
2017-03-04,Aladin Premium (2513050),Tri Hutch - TriXogo (3848713),Tri Hutch - HDRCamera (16041178),237,2,0.008438818565400844,0,0.000000000000000000,0.000000,0.000000000000000000000000,0.000000000000000000000000,0.000000,0.000000000000000000000000,0.000000,0.000000000000000000000000
2017-03-04,Aladin Premium (2513050),Tri Hutch - KlikFilm (3850763),Tri Hutch - WarkopDKIReborn (16041865),226,2,0.008849557522123894,0,0.000000000000000000,0.000000,0.000000000000000000000000,0.000000000000000000000000,0.000000,0.000000000000000000000000,0.000000,0.000000000000000000000000
2017-03-04,Aladin Premium (2513050),Tri Hutch - TriXogo (3848713),Tri Hutch - Angry Birds (16035226),219,0,0.000000000000000000,0,0.000000000000000000,0.000000,0.000000000000000000000000,0.000000000000000000000000,0.000000,0.000000000000000000000000,0.000000,0.000000000000000000000000
2017-03-04,Aladin Premium (2513050),Tri Hutch - TriXogo (3848713),Tri Hutch - PrinceOfPersia (16041271),216,1,0.004629629629629630,0,0.000000000000000000,0.000000,0.000000000000000000000000,0.000000000000000000000000,0.000000,0.000000000000000000000000,0.000000,0.000000000000000000000000
2017-03-04,Aladin RTB (2512901),External Buyers,External Buyers,39,0,0.000000000000000000,0,0.000000000000000000,0.001402,0.035948717948717948718000,0.035948717948717948718000,0.000000,0.000000000000000000000000,0.001402,0.035948717948717948718000
2017-03-04,Aladin RTB (2512901),Blank,Blank,29,0,0.000000000000000000,0,0.000000000000000000,0.000000,0.000000000000000000000000,0.000000000000000000000000,0.000000,0.000000000000000000000000,0.000000,0.000000000000000000000000
2017-03-05,Aladin Premium (2513050),Tri Hutch - KlikFilm (3850763),Tri Hutch - WarkopDKIReborn (16041865),288,0,0.000000000000000000,0,0.000000000000000000,0.000000,0.000000000000000000000000,0.000000000000000000000000,0.000000,0.000000000000000000000000,0.000000,0.000000000000000000000000
2017-03-05,Aladin Premium (2513050),Tri Hutch - TriXogo (3848713),Tri Hutch - HDRCamera (16041178),280,2,0.007142857142857143,0,0.000000000000000000,0.000000,0.000000000000000000000000,0.000000000000000000000000,0.000000,0.000000000000000000000000,0.000000,0.000000000000000000000000
2017-03-05,Aladin Premium (2513050),Tri Hutch - KlikFilm (3850763),Tri Hutch - MSB (16042160),276,2,0.007246376811594203,0,0.000000000000000000,0.000000,0.000000000000000000000000,0.000000000000000000000000,0.000000,0.000000000000000000000000,0.000000,0.000000000000000000000000
2017-03-05,Aladin Premium (2513050),Tri Hutch - TriXogo (3848713),Tri Hutch - Angry Birds (16035226),271,3,0.011070110701107011,0,0.000000000000000000,0.000000,0.000000000000000000000000,0.000000000000000000000000,0.000000,0.000000000000000000000000,0.000000,0.000000000000000000000000
2017-03-05,Aladin Premium (2513050),Tri Hutch - TriXogo (3848713),Tri Hutch - n7Player (16041228),269,2,0.007434944237918216,0,0.000000000000000000,0.000000,0.000000000000000000000000,0.000000000000000000000000,0.000000,0.000000000000000000000000,0.000000,0.000000000000000000000000
2017-03-05,Aladin Premium (2513050),Tri Hutch - BonsTri (3850692),Tri Hutch - BonsTri (16041529),267,2,0.007490636704119850,0,0.000000000000000000,0.000000,0.000000000000000000000000,0.000000000000000000000000,0.000000,0.000000000000000000000000,0.000000,0.000000000000000000000000
2017-03-05,Aladin Premium (2513050),Tri Hutch - TriXogo (3848713),Tri Hutch - PrinceOfPersia (16041271),262,3,0.011450381679389313,0,0.000000000000000000,0.000000,0.000000000000000000000000,0.000000000000000000000000,0.000000,0.000000000000000000000000,0.000000,0.000000000000000000000000
2017-03-05,Aladin Premium (2513050),Tri Hutch - TriXogo (3848713),Tri Hutch - DuBatterySaver (16041132),257,3,0.011673151750972763,0,0.000000000000000000,0.000000,0.000000000000000000000000,0.000000000000000000000000,0.000000,0.000000000000000000000000,0.000000,0.000000000000000000000000
2017-03-05,Aladin Premium (2513050),Tri Hutch - TriXogo (3848713),Tri Hutch - ColinMcraeRally (16038511),251,2,0.007968127490039841,0,0.000000000000000000,0.000000,0.000000000000000000000000,0.000000000000000000000000,0.000000,0.000000000000000000000000,0.000000,0.000000000000000000000000
2017-03-05,Aladin RTB (2512901),External Buyers,External Buyers,50,0,0.000000000000000000,0,0.000000000000000000,0.003224,0.064480000000000000000000,0.064480000000000000000000,0.000000,0.000000000000000000000000,0.003224,0.064480000000000000000000
2017-03-05,Aladin RTB (2512901),Blank,Blank,32,0,0.000000000000000000,0,0.000000000000000000,0.000000,0.000000000000000000000000,0.000000000000000000000000,0.000000,0.000000000000000000000000,0.000000,0.000000000000000000000000
2017-03-06,Aladin Premium (2513050),AQN-Kineria (3834810),Kineria-Rock in Solo (15991342),2024,21,0.010375494071146245,0,0.000000000000000000,6.057726,2.992947628458498023715000,2.992947628458498023715000,0.000000,0.000000000000000000000000,6.057726,2.992947628458498023715000
2017-03-06,Aladin Premium (2513050),AQN-Kineria (3834810),Kineria-The Jak (15991389),1994,19,0.009528585757271815,0,0.000000000000000000,5.968256,2.993107321965897693079000,2.993107321965897693079000,0.000000,0.000000000000000000000000,5.968256,2.993107321965897693079000
2017-03-06,Aladin RTB (2512901),External Buyers,External Buyers,113,0,0.000000000000000000,0,0.000000000000000000,0.002428,0.021486725663716814159000,0.021486725663716814159000,0.000000,0.000000000000000000000000,0.002428,0.021486725663716814159000
2017-03-06,Aladin RTB (2512901),Blank,Blank,75,0,0.000000000000000000,0,0.000000000000000000,0.000000,0.000000000000000000000000,0.000000000000000000000000,0.000000,0.000000000000000000000000,0.000000,0.000000000000000000000000
2017-03-06,Aladin Premium (2513050),Tri Hutch - KlikFilm (3850763),Tri Hutch - WarkopDKIReborn (16041865),69,2,0.028985507246376812,0,0.000000000000000000,0.000000,0.000000000000000000000000,0.000000000000000000000000,0.000000,0.000000000000000000000000,0.000000,0.000000000000000000000000
2017-03-06,Aladin Premium (2513050),Tri Hutch - TriXogo (3848713),Tri Hutch - PrinceOfPersia (16041271),61,0,0.000000000000000000,0,0.000000000000000000,0.000000,0.000000000000000000000000,0.000000000000000000000000,0.000000,0.000000000000000000000000,0.000000,0.000000000000000000000000
2017-03-06,Aladin Premium (2513050),Tri Hutch - TriXogo (3848713),Tri Hutch - HDRCamera (16041178),60,4,0.066666666666666667,0,0.000000000000000000,0.000000,0.000000000000000000000000,0.000000000000000000000000,0.000000,0.000000000000000000000000,0.000000,0.000000000000000000000000
2017-03-06,Aladin Premium (2513050),Tri Hutch - TriXogo (3848713),Tri Hutch - DuBatterySaver (16041132),59,0,0.000000000000000000,0,0.000000000000000000,0.000000,0.000000000000000000000000,0.000000000000000000000000,0.000000,0.000000000000000000000000,0.000000,0.000000000000000000000000
2017-03-06,Aladin Premium (2513050),Tri Hutch - KlikFilm (3850763),Tri Hutch - MSB (16042160),57,0,0.000000000000000000,0,0.000000000000000000,0.000000,0.000000000000000000000000,0.000000000000000000000000,0.000000,0.000000000000000000000000,0.000000,0.000000000000000000000000
2017-03-06,Aladin Premium (2513050),Tri Hutch - TriXogo (3848713),Tri Hutch - Angry Birds (16035226),55,1,0.018181818181818182,0,0.000000000000000000,0.000000,0.000000000000000000000000,0.000000000000000000000000,0.000000,0.000000000000000000000000,0.000000,0.000000000000000000000000
2017-03-06,Aladin Premium (2513050),Tri Hutch - TriXogo (3848713),Tri Hutch - ColinMcraeRally (16038511),55,1,0.018181818181818182,0,0.000000000000000000,0.000000,0.000000000000000000000000,0.000000000000000000000000,0.000000,0.000000000000000000000000,0.000000,0.000000000000000000000000
2017-03-06,Aladin Premium (2513050),Tri Hutch - TriXogo (3848713),Tri Hutch - n7Player (16041228),51,0,0.000000000000000000,0,0.000000000000000000,0.000000,0.000000000000000000000000,0.000000000000000000000000,0.000000,0.000000000000000000000000,0.000000,0.000000000000000000000000
2017-03-06,Aladin Premium (2513050),Tri Hutch - BonsTri (3850692),Tri Hutch - BonsTri (16041529),45,0,0.000000000000000000,0,0.000000000000000000,0.000000,0.000000000000000000000000,0.000000000000000000000000,0.000000,0.000000000000000000000000,0.000000,0.000000000000000000000000
2017-03-06,Aladin Premium (2513050),Blank,Blank,1,0,0.000000000000000000,0,0.000000000000000000,0.000000,0.000000000000000000000000,0.000000000000000000000000,0.000000,0.000000000000000000000000,0.000000,0.000000000000000000000000
2017-03-07,Aladin Premium (2513050),AQN-Kineria (3834810),Kineria-The Jak (15991389),616,7,0.011363636363636364,0,0.000000000000000000,1.846247,2.997154220779220779221000,2.997154220779220779221000,0.000000,0.000000000000000000000000,1.846247,2.997154220779220779221000
2017-03-07,Aladin Premium (2513050),AQN-Kineria (3834810),Kineria-Rock in Solo (15991342),600,9,0.015000000000000000,0,0.000000000000000000,1.798292,2.997153333333333333333000,2.997153333333333333333000,0.000000,0.000000000000000000000000,1.798292,2.997153333333333333333000
2017-03-07,Aladin Premium (2513050),Tri Hutch - BonsTri (3850692),Tri Hutch - BonsTri (16041529),501,9,0.017964071856287425,0,0.000000000000000000,0.000000,0.000000000000000000000000,0.000000000000000000000000,0.000000,0.000000000000000000000000,0.000000,0.000000000000000000000000
2017-03-07,Aladin Premium (2513050),Tri Hutch - TriXogo (3848713),Tri Hutch - DuBatterySaver (16041132),494,3,0.006072874493927126,0,0.000000000000000000,0.000000,0.000000000000000000000000,0.000000000000000000000000,0.000000,0.000000000000000000000000,0.000000,0.000000000000000000000000
2017-03-07,Aladin Premium (2513050),Tri Hutch - TriXogo (3848713),Tri Hutch - PrinceOfPersia (16041271),489,5,0.010224948875255624,0,0.000000000000000000,0.000000,0.000000000000000000000000,0.000000000000000000000000,0.000000,0.000000000000000000000000,0.000000,0.000000000000000000000000
2017-03-07,Aladin Premium (2513050),Tri Hutch - TriXogo (3848713),Tri Hutch - n7Player (16041228),481,6,0.012474012474012474,0,0.000000000000000000,0.000000,0.000000000000000000000000,0.000000000000000000000000,0.000000,0.000000000000000000000000,0.000000,0.000000000000000000000000
2017-03-07,Aladin Premium (2513050),Tri Hutch - KlikFilm (3850763),Tri Hutch - MSB (16042160),461,6,0.013015184381778742,0,0.000000000000000000,0.000000,0.000000000000000000000000,0.000000000000000000000000,0.000000,0.000000000000000000000000,0.000000,0.000000000000000000000000
2017-03-07,Aladin Premium (2513050),Tri Hutch - KlikFilm (3850763),Tri Hutch - WarkopDKIReborn (16041865),458,4,0.008733624454148472,0,0.000000000000000000,0.000000,0.000000000000000000000000,0.000000000000000000000000,0.000000,0.000000000000000000000000,0.000000,0.000000000000000000000000
2017-03-07,Aladin Premium (2513050),Tri Hutch - TriXogo (3848713),Tri Hutch - Angry Birds (16035226),456,9,0.019736842105263158,0,0.000000000000000000,0.000000,0.000000000000000000000000,0.000000000000000000000000,0.000000,0.000000000000000000000000,0.000000,0.000000000000000000000000
2017-03-07,Aladin Premium (2513050),Tri Hutch - TriXogo (3848713),Tri Hutch - ColinMcraeRally (16038511),451,8,0.017738359201773836,0,0.000000000000000000,0.000000,0.000000000000000000000000,0.000000000000000000000000,0.000000,0.000000000000000000000000,0.000000,0.000000000000000000000000
2017-03-07,Aladin Premium (2513050),Tri Hutch - TriXogo (3848713),Tri Hutch - HDRCamera (16041178),444,4,0.009009009009009009,0,0.000000000000000000,0.000000,0.000000000000000000000000,0.000000000000000000000000,0.000000,0.000000000000000000000000,0.000000,0.000000000000000000000000
2017-03-07,Aladin Premium (2513050),Tri Hutch - TriLoker (3848781),Tri Hutch - TriLoker (16035397),369,5,0.013550135501355014,0,0.000000000000000000,0.000000,0.000000000000000000000000,0.000000000000000000000000,0.000000,0.000000000000000000000000,0.000000,0.000000000000000000000000
2017-03-07,Aladin RTB (2512901),Blank,Blank,146,0,0.000000000000000000,0,0.000000000000000000,0.000000,0.000000000000000000000000,0.000000000000000000000000,0.000000,0.000000000000000000000000,0.000000,0.000000000000000000000000
2017-03-07,Aladin RTB (2512901),External Buyers,External Buyers,104,0,0.000000000000000000,0,0.000000000000000000,0.002751,0.026451923076923076923000,0.026451923076923076923000,0.000000,0.000000000000000000000000,0.002751,0.026451923076923076923000
2017-03-08,Aladin Premium (2513050),AQN-Kineria (3834810),Kineria-The Jak (15991389),3427,17,0.004960606944849723,0,0.000000000000000000,10.256472,2.992842719579807411730000,2.992842719579807411730000,0.000000,0.000000000000000000000000,10.256472,2.992842719579807411730000
2017-03-08,Aladin Premium (2513050),AQN-Kineria (3834810),Kineria-Rock in Solo (15991342),3324,20,0.006016847172081829,0,0.000000000000000000,9.947818,2.992725030084235860409000,2.992725030084235860409000,0.000000,0.000000000000000000000000,9.947818,2.992725030084235860409000
2017-03-08,Aladin RTB (2512901),Blank,Blank,173,0,0.000000000000000000,0,0.000000000000000000,0.000000,0.000000000000000000000000,0.000000000000000000000000,0.000000,0.000000000000000000000000,0.000000,0.000000000000000000000000
2017-03-08,Aladin RTB (2512901),External Buyers,External Buyers,140,1,0.007142857142857143,0,0.000000000000000000,0.003222,0.023014285714285714286000,0.023014285714285714286000,0.000000,0.000000000000000000000000,0.003222,0.023014285714285714286000
2017-03-08,Aladin Premium (2513050),Tri Hutch - TriXogo (3848713),Tri Hutch - DuBatterySaver (16041132),128,0,0.000000000000000000,0,0.000000000000000000,0.000000,0.000000000000000000000000,0.000000000000000000000000,0.000000,0.000000000000000000000000,0.000000,0.000000000000000000000000
2017-03-08,Aladin Premium (2513050),Tri Hutch - TriXogo (3848713),Tri Hutch - HDRCamera (16041178),127,0,0.000000000000000000,0,0.000000000000000000,0.000000,0.000000000000000000000000,0.000000000000000000000000,0.000000,0.000000000000000000000000,0.000000,0.000000000000000000000000
2017-03-08,Aladin Premium (2513050),Tri Hutch - BonsTri (3850692),Tri Hutch - BonsTri (16041529),106,0,0.000000000000000000,0,0.000000000000000000,0.000000,0.000000000000000000000000,0.000000000000000000000000,0.000000,0.000000000000000000000000,0.000000,0.000000000000000000000000
2017-03-08,Aladin Premium (2513050),Tri Hutch - KlikFilm (3850763),Tri Hutch - WarkopDKIReborn (16041865),106,0,0.000000000000000000,0,0.000000000000000000,0.000000,0.000000000000000000000000,0.000000000000000000000000,0.000000,0.000000000000000000000000,0.000000,0.000000000000000000000000
2017-03-08,Aladin Premium (2513050),Tri Hutch - TriXogo (3848713),Tri Hutch - PrinceOfPersia (16041271),105,2,0.019047619047619048,0,0.000000000000000000,0.000000,0.000000000000000000000000,0.000000000000000000000000,0.000000,0.000000000000000000000000,0.000000,0.000000000000000000000000
2017-03-08,Aladin Premium (2513050),Tri Hutch - KlikFilm (3850763),Tri Hutch - MSB (16042160),101,1,0.009900990099009901,0,0.000000000000000000,0.000000,0.000000000000000000000000,0.000000000000000000000000,0.000000,0.000000000000000000000000,0.000000,0.000000000000000000000000
2017-03-08,Aladin Premium (2513050),Tri Hutch - TriXogo (3848713),Tri Hutch - ColinMcraeRally (16038511),92,1,0.010869565217391304,0,0.000000000000000000,0.000000,0.000000000000000000000000,0.000000000000000000000000,0.000000,0.000000000000000000000000,0.000000,0.000000000000000000000000
2017-03-08,Aladin Premium (2513050),Tri Hutch - TriXogo (3848713),Tri Hutch - n7Player (16041228),91,2,0.021978021978021978,0,0.000000000000000000,0.000000,0.000000000000000000000000,0.000000000000000000000000,0.000000,0.000000000000000000000000,0.000000,0.000000000000000000000000
2017-03-08,Aladin Premium (2513050),Tri Hutch - TriXogo (3848713),Tri Hutch - Angry Birds (16035226),90,1,0.011111111111111111,0,0.000000000000000000,0.000000,0.000000000000000000000000,0.000000000000000000000000,0.000000,0.000000000000000000000000,0.000000,0.000000000000000000000000
2017-03-08,Aladin Premium (2513050),Tri Hutch - TriLoker (3848781),Tri Hutch - TriLoker (16035397),78,1,0.012820512820512821,0,0.000000000000000000,0.000000,0.000000000000000000000000,0.000000000000000000000000,0.000000,0.000000000000000000000000,0.000000,0.000000000000000000000000
2017-03-08,Aladin RTB (2512901),PSA,PSA,2,0,0.000000000000000000,0,0.000000000000000000,0.000000,0.000000000000000000000000,0.000000000000000000000000,0.000000,0.000000000000000000000000,0.000000,0.000000000000000000000000
2017-03-09,Aladin Premium (2513050),AQN-Kineria (3834810),Kineria-The Jak (15991389),3811,21,0.005510364733665705,0,0.000000000000000000,11.378084,2.985590133823143531881000,2.985590133823143531881000,0.000000,0.000000000000000000000000,11.378084,2.985590133823143531881000
2017-03-09,Aladin Premium (2513050),AQN-Kineria (3834810),Kineria-Rock in Solo (15991342),3793,24,0.006327445293962563,0,0.000000000000000000,11.324303,2.985579488531505404693000,2.985579488531505404693000,0.000000,0.000000000000000000000000,11.324303,2.985579488531505404693000
2017-03-09,Aladin RTB (2512901),External Buyers,External Buyers,158,0,0.000000000000000000,0,0.000000000000000000,0.004251,0.026905063291139240506000,0.026905063291139240506000,0.000000,0.000000000000000000000000,0.004251,0.026905063291139240506000
2017-03-09,Aladin RTB (2512901),Blank,Blank,150,0,0.000000000000000000,0,0.000000000000000000,0.000000,0.000000000000000000000000,0.000000000000000000000000,0.000000,0.000000000000000000000000,0.000000,0.000000000000000000000000
2017-03-09,Aladin Premium (2513050),Tri Hutch - TriXogo (3848713),Tri Hutch - n7Player (16041228),94,1,0.010638297872340426,0,0.000000000000000000,0.000000,0.000000000000000000000000,0.000000000000000000000000,0.000000,0.000000000000000000000000,0.000000,0.000000000000000000000000
2017-03-09,Aladin Premium (2513050),Tri Hutch - TriXogo (3848713),Tri Hutch - HDRCamera (16041178),88,3,0.034090909090909091,0,0.000000000000000000,0.000000,0.000000000000000000000000,0.000000000000000000000000,0.000000,0.000000000000000000000000,0.000000,0.000000000000000000000000
2017-03-09,Aladin Premium (2513050),Tri Hutch - TriXogo (3848713),Tri Hutch - ColinMcraeRally (16038511),84,1,0.011904761904761905,0,0.000000000000000000,0.000000,0.000000000000000000000000,0.000000000000000000000000,0.000000,0.000000000000000000000000,0.000000,0.000000000000000000000000
2017-03-09,Aladin Premium (2513050),Tri Hutch - BonsTri (3850692),Tri Hutch - BonsTri (16041529),81,2,0.024691358024691358,0,0.000000000000000000,0.000000,0.000000000000000000000000,0.000000000000000000000000,0.000000,0.000000000000000000000000,0.000000,0.000000000000000000000000
2017-03-09,Aladin Premium (2513050),Tri Hutch - TriXogo (3848713),Tri Hutch - PrinceOfPersia (16041271),81,0,0.000000000000000000,0,0.000000000000000000,0.000000,0.000000000000000000000000,0.000000000000000000000000,0.000000,0.000000000000000000000000,0.000000,0.000000000000000000000000
2017-03-09,Aladin Premium (2513050),Tri Hutch - KlikFilm (3850763),Tri Hutch - MSB (16042160),78,1,0.012820512820512821,0,0.000000000000000000,0.000000,0.000000000000000000000000,0.000000000000000000000000,0.000000,0.000000000000000000000000,0.000000,0.000000000000000000000000
2017-03-09,Aladin Premium (2513050),Tri Hutch - KlikFilm (3850763),Tri Hutch - WarkopDKIReborn (16041865),75,0,0.000000000000000000,0,0.000000000000000000,0.000000,0.000000000000000000000000,0.000000000000000000000000,0.000000,0.000000000000000000000000,0.000000,0.000000000000000000000000
2017-03-09,Aladin Premium (2513050),Tri Hutch - TriLoker (3848781),Tri Hutch - TriLoker (16035397),72,2,0.027777777777777778,0,0.000000000000000000,0.000000,0.000000000000000000000000,0.000000000000000000000000,0.000000,0.000000000000000000000000,0.000000,0.000000000000000000000000
2017-03-09,Aladin Premium (2513050),Tri Hutch - TriXogo (3848713),Tri Hutch - DuBatterySaver (16041132),69,0,0.000000000000000000,0,0.000000000000000000,0.000000,0.000000000000000000000000,0.000000000000000000000000,0.000000,0.000000000000000000000000,0.000000,0.000000000000000000000000
2017-03-09,Aladin Premium (2513050),Tri Hutch - TriXogo (3848713),Tri Hutch - Angry Birds (16035226),66,0,0.000000000000000000,0,0.000000000000000000,0.000000,0.000000000000000000000000,0.000000000000000000000000,0.000000,0.000000000000000000000000,0.000000,0.000000000000000000000000
2017-03-09,Aladin Premium (2513050),Blank,Blank,2,0,0.000000000000000000,0,0.000000000000000000,0.000000,0.000000000000000000000000,0.000000000000000000000000,0.000000,0.000000000000000000000000,0.000000,0.000000000000000000000000
2017-03-10,Aladin Premium (2513050),AQN-Kineria (3834810),Kineria-Rock in Solo (15991342),5054,27,0.005342303126236644,0,0.000000000000000000,15.099828,2.987698456667985753858000,2.987698456667985753858000,0.000000,0.000000000000000000000000,15.099828,2.987698456667985753858000
2017-03-10,Aladin Premium (2513050),AQN-Kineria (3834810),Kineria-The Jak (15991389),5019,24,0.004781829049611476,0,0.000000000000000000,14.996820,2.988009563658099222953000,2.988009563658099222953000,0.000000,0.000000000000000000000000,14.996820,2.988009563658099222953000
2017-03-10,Aladin Premium (2513050),Tri Hutch - TriXogo (3848713),Tri Hutch - n7Player (16041228),1078,9,0.008348794063079777,0,0.000000000000000000,0.000000,0.000000000000000000000000,0.000000000000000000000000,0.000000,0.000000000000000000000000,0.000000,0.000000000000000000000000
2017-03-10,Aladin Premium (2513050),Tri Hutch - KlikFilm (3850763),Tri Hutch - MSB (16042160),1072,16,0.014925373134328358,0,0.000000000000000000,0.000000,0.000000000000000000000000,0.000000000000000000000000,0.000000,0.000000000000000000000000,0.000000,0.000000000000000000000000
2017-03-10,Aladin Premium (2513050),Tri Hutch - TriXogo (3848713),Tri Hutch - HDRCamera (16041178),1069,16,0.014967259120673527,0,0.000000000000000000,0.000000,0.000000000000000000000000,0.000000000000000000000000,0.000000,0.000000000000000000000000,0.000000,0.000000000000000000000000
2017-03-10,Aladin Premium (2513050),Tri Hutch - TriXogo (3848713),Tri Hutch - DuBatterySaver (16041132),1059,9,0.008498583569405099,0,0.000000000000000000,0.000000,0.000000000000000000000000,0.000000000000000000000000,0.000000,0.000000000000000000000000,0.000000,0.000000000000000000000000
2017-03-10,Aladin Premium (2513050),Tri Hutch - TriXogo (3848713),Tri Hutch - PrinceOfPersia (16041271),1058,8,0.007561436672967864,0,0.000000000000000000,0.000000,0.000000000000000000000000,0.000000000000000000000000,0.000000,0.000000000000000000000000,0.000000,0.000000000000000000000000
2017-03-10,Aladin Premium (2513050),Tri Hutch - KlikFilm (3850763),Tri Hutch - WarkopDKIReborn (16041865),1050,9,0.008571428571428571,0,0.000000000000000000,0.000000,0.000000000000000000000000,0.000000000000000000000000,0.000000,0.000000000000000000000000,0.000000,0.000000000000000000000000
2017-03-10,Aladin Premium (2513050),Tri Hutch - TriXogo (3848713),Tri Hutch - ColinMcraeRally (16038511),1033,13,0.012584704743465634,0,0.000000000000000000,0.000000,0.000000000000000000000000,0.000000000000000000000000,0.000000,0.000000000000000000000000,0.000000,0.000000000000000000000000
2017-03-10,Aladin Premium (2513050),Tri Hutch - BonsTri (3850692),Tri Hutch - BonsTri (16041529),1026,19,0.018518518518518519,0,0.000000000000000000,0.000000,0.000000000000000000000000,0.000000000000000000000000,0.000000,0.000000000000000000000000,0.000000,0.000000000000000000000000
2017-03-10,Aladin Premium (2513050),Tri Hutch - TriXogo (3848713),Tri Hutch - Angry Birds (16035226),990,4,0.004040404040404040,0,0.000000000000000000,0.000000,0.000000000000000000000000,0.000000000000000000000000,0.000000,0.000000000000000000000000,0.000000,0.000000000000000000000000
2017-03-10,Aladin Premium (2513050),Tri Hutch - 4G Camp (3883341),Tri Hutch - 4G NPNK (16143591),983,19,0.019328585961342828,0,0.000000000000000000,0.000000,0.000000000000000000000000,0.000000000000000000000000,0.000000,0.000000000000000000000000,0.000000,0.000000000000000000000000
2017-03-10,Aladin Premium (2513050),Tri Hutch - TriLoker (3848781),Tri Hutch - TriLoker (16035397),478,5,0.010460251046025105,0,0.000000000000000000,0.000000,0.000000000000000000000000,0.000000000000000000000000,0.000000,0.000000000000000000000000,0.000000,0.000000000000000000000000
2017-03-10,Aladin RTB (2512901),External Buyers,External Buyers,325,1,0.003076923076923077,0,0.000000000000000000,0.006902,0.021236923076923076923000,0.021236923076923076923000,0.000000,0.000000000000000000000000,0.006902,0.021236923076923076923000
2017-03-10,Aladin RTB (2512901),Blank,Blank,298,0,0.000000000000000000,0,0.000000000000000000,0.000000,0.000000000000000000000000,0.000000000000000000000000,0.000000,0.000000000000000000000000,0.000000,0.000000000000000000000000
2017-03-11,Aladin Premium (2513050),AQN-Kineria (3834810),Kineria-Rock in Solo (15991342),4996,20,0.004003202562049640,0,0.000000000000000000,14.941363,2.990665132105684547638000,2.990665132105684547638000,0.000000,0.000000000000000000000000,14.941363,2.990665132105684547638000
2017-03-11,Aladin Premium (2513050),AQN-Kineria (3834810),Kineria-The Jak (15991389),4943,21,0.004248432126239126,0,0.000000000000000000,14.782879,2.990669431519320250860000,2.990669431519320250860000,0.000000,0.000000000000000000000000,14.782879,2.990669431519320250860000
2017-03-11,Aladin Premium (2513050),Tri Hutch - KlikFilm (3850763),Tri Hutch - MSB (16042160),1715,10,0.005830903790087464,0,0.000000000000000000,0.000000,0.000000000000000000000000,0.000000000000000000000000,0.000000,0.000000000000000000000000,0.000000,0.000000000000000000000000
2017-03-11,Aladin Premium (2513050),Tri Hutch - 4G Camp (3883341),Tri Hutch - 4G NPNK (16143591),1693,26,0.015357353809805080,0,0.000000000000000000,0.000000,0.000000000000000000000000,0.000000000000000000000000,0.000000,0.000000000000000000000000,0.000000,0.000000000000000000000000
2017-03-11,Aladin Premium (2513050),Tri Hutch - TriXogo (3848713),Tri Hutch - ColinMcraeRally (16038511),1680,14,0.008333333333333333,0,0.000000000000000000,0.000000,0.000000000000000000000000,0.000000000000000000000000,0.000000,0.000000000000000000000000,0.000000,0.000000000000000000000000
2017-03-11,Aladin Premium (2513050),Tri Hutch - BonsTri (3850692),Tri Hutch - BonsTri (16041529),1666,17,0.010204081632653061,0,0.000000000000000000,0.000000,0.000000000000000000000000,0.000000000000000000000000,0.000000,0.000000000000000000000000,0.000000,0.000000000000000000000000
2017-03-11,Aladin Premium (2513050),Tri Hutch - KlikFilm (3850763),Tri Hutch - WarkopDKIReborn (16041865),1645,8,0.004863221884498480,0,0.000000000000000000,0.000000,0.000000000000000000000000,0.000000000000000000000000,0.000000,0.000000000000000000000000,0.000000,0.000000000000000000000000
2017-03-11,Aladin Premium (2513050),Tri Hutch - TriXogo (3848713),Tri Hutch - HDRCamera (16041178),1643,12,0.007303712720632988,0,0.000000000000000000,0.000000,0.000000000000000000000000,0.000000000000000000000000,0.000000,0.000000000000000000000000,0.000000,0.000000000000000000000000
2017-03-11,Aladin Premium (2513050),Tri Hutch - 4G Camp (3883341),Tri Hutch - 4G Camp (16143518),903,19,0.021040974529346622,0,0.000000000000000000,0.000000,0.000000000000000000000000,0.000000000000000000000000,0.000000,0.000000000000000000000000,0.000000,0.000000000000000000000000
2017-03-11,Aladin Premium (2513050),Tri Hutch - TriLoker (3848781),Tri Hutch - TriLoker (16035397),460,3,0.006521739130434783,0,0.000000000000000000,0.000000,0.000000000000000000000000,0.000000000000000000000000,0.000000,0.000000000000000000000000,0.000000,0.000000000000000000000000
2017-03-11,Aladin RTB (2512901),External Buyers,External Buyers,381,0,0.000000000000000000,0,0.000000000000000000,0.009296,0.024398950131233595801000,0.024398950131233595801000,0.000000,0.000000000000000000000000,0.009296,0.024398950131233595801000
2017-03-11,Aladin Premium (2513050),Tri Hutch - TriXogo (3848713),Tri Hutch - DuBatterySaver (16041132),293,3,0.010238907849829352,0,0.000000000000000000,0.000000,0.000000000000000000000000,0.000000000000000000000000,0.000000,0.000000000000000000000000,0.000000,0.000000000000000000000000
2017-03-11,Aladin Premium (2513050),Tri Hutch - TriXogo (3848713),Tri Hutch - n7Player (16041228),292,0,0.000000000000000000,0,0.000000000000000000,0.000000,0.000000000000000000000000,0.000000000000000000000000,0.000000,0.000000000000000000000000,0.000000,0.000000000000000000000000
2017-03-11,Aladin Premium (2513050),Tri Hutch - TriXogo (3848713),Tri Hutch - PrinceOfPersia (16041271),275,1,0.003636363636363636,0,0.000000000000000000,0.000000,0.000000000000000000000000,0.000000000000000000000000,0.000000,0.000000000000000000000000,0.000000,0.000000000000000000000000
2017-03-11,Aladin Premium (2513050),Tri Hutch - TriXogo (3848713),Tri Hutch - Angry Birds (16035226),251,0,0.000000000000000000,0,0.000000000000000000,0.000000,0.000000000000000000000000,0.000000000000000000000000,0.000000,0.000000000000000000000000,0.000000,0.000000000000000000000000
2017-03-11,Aladin RTB (2512901),Blank,Blank,244,0,0.000000000000000000,0,0.000000000000000000,0.000000,0.000000000000000000000000,0.000000000000000000000000,0.000000,0.000000000000000000000000,0.000000,0.000000000000000000000000
2017-03-11,Aladin Premium (2513050),Tri Hutch - Dove (3889011),Tri Hutch - Dove (16161549),143,2,0.013986013986013986,0,0.000000000000000000,0.000000,0.000000000000000000000000,0.000000000000000000000000,0.000000,0.000000000000000000000000,0.000000,0.000000000000000000000000
2017-03-12,Aladin Premium (2513050),AQN-Kineria (3834810),Kineria-The Jak (15991389),3688,17,0.004609544468546638,0,0.000000000000000000,11.027296,2.990047722342733188720000,2.990047722342733188720000,0.000000,0.000000000000000000000000,11.027296,2.990047722342733188720000
2017-03-12,Aladin Premium (2513050),AQN-Kineria (3834810),Kineria-Rock in Solo (15991342),3655,22,0.006019151846785226,0,0.000000000000000000,10.928621,2.990046785225718194254000,2.990046785225718194254000,0.000000,0.000000000000000000000000,10.928621,2.990046785225718194254000
2017-03-12,Aladin Premium (2513050),Tri Hutch - BonsTri (3850692),Tri Hutch - BonsTri (16041529),1891,15,0.007932310946589106,0,0.000000000000000000,0.000000,0.000000000000000000000000,0.000000000000000000000000,0.000000,0.000000000000000000000000,0.000000,0.000000000000000000000000
2017-03-12,Aladin Premium (2513050),Tri Hutch - KlikFilm (3850763),Tri Hutch - WarkopDKIReborn (16041865),1782,24,0.013468013468013468,0,0.000000000000000000,0.000000,0.000000000000000000000000,0.000000000000000000000000,0.000000,0.000000000000000000000000,0.000000,0.000000000000000000000000
2017-03-12,Aladin Premium (2513050),Tri Hutch - KlikFilm (3850763),Tri Hutch - MSB (16042160),1760,12,0.006818181818181818,0,0.000000000000000000,0.000000,0.000000000000000000000000,0.000000000000000000000000,0.000000,0.000000000000000000000000,0.000000,0.000000000000000000000000
2017-03-12,Aladin Premium (2513050),Tri Hutch - TriXogo (3848713),Tri Hutch - ColinMcraeRally (16038511),1544,11,0.007124352331606218,0,0.000000000000000000,0.000000,0.000000000000000000000000,0.000000000000000000000000,0.000000,0.000000000000000000000000,0.000000,0.000000000000000000000000
2017-03-12,Aladin Premium (2513050),Tri Hutch - TriXogo (3848713),Tri Hutch - HDRCamera (16041178),1539,5,0.003248862897985705,0,0.000000000000000000,0.000000,0.000000000000000000000000,0.000000000000000000000000,0.000000,0.000000000000000000000000,0.000000,0.000000000000000000000000
2017-03-12,Aladin Premium (2513050),Tri Hutch - 4G Camp (3883341),Tri Hutch - 4G Camp (16143518),1434,29,0.020223152022315202,0,0.000000000000000000,0.000000,0.000000000000000000000000,0.000000000000000000000000,0.000000,0.000000000000000000000000,0.000000,0.000000000000000000000000
2017-03-12,Aladin Premium (2513050),Tri Hutch - 4G Camp (3883341),Tri Hutch - 4G NPNK (16143591),1417,12,0.008468595624558927,0,0.000000000000000000,0.000000,0.000000000000000000000000,0.000000000000000000000000,0.000000,0.000000000000000000000000,0.000000,0.000000000000000000000000
2017-03-12,Aladin RTB (2512901),External Buyers,External Buyers,269,0,0.000000000000000000,0,0.000000000000000000,0.006766,0.025152416356877323420000,0.025152416356877323420000,0.000000,0.000000000000000000000000,0.006766,0.025152416356877323420000
2017-03-12,Aladin RTB (2512901),Blank,Blank,234,0,0.000000000000000000,0,0.000000000000000000,0.000000,0.000000000000000000000000,0.000000000000000000000000,0.000000,0.000000000000000000000000,0.000000,0.000000000000000000000000
2017-03-12,Aladin Premium (2513050),Tri Hutch - TriLoker (3848781),Tri Hutch - TriLoker (16035397),112,1,0.008928571428571429,0,0.000000000000000000,0.000000,0.000000000000000000000000,0.000000000000000000000000,0.000000,0.000000000000000000000000,0.000000,0.000000000000000000000000
2017-03-12,Aladin Premium (2513050),Blank,Blank,31,0,0.000000000000000000,0,0.000000000000000000,0.000000,0.000000000000000000000000,0.000000000000000000000000,0.000000,0.000000000000000000000000,0.000000,0.000000000000000000000000
2017-03-13,Aladin Premium (2513050),AQN-Kineria (3834810),Kineria-Rock in Solo (15991342),4458,22,0.004934948407357559,0,0.000000000000000000,13.340051,2.992384701659937191566000,2.992384701659937191566000,0.000000,0.000000000000000000000000,13.340051,2.992384701659937191566000
2017-03-13,Aladin Premium (2513050),AQN-Kineria (3834810),Kineria-The Jak (15991389),4409,22,0.004989793603991835,0,0.000000000000000000,13.193316,2.992360172374688137900000,2.992360172374688137900000,0.000000,0.000000000000000000000000,13.193316,2.992360172374688137900000
2017-03-13,Aladin Premium (2513050),Tri Hutch - KlikFilm (3850763),Tri Hutch - MSB (16042160),1357,7,0.005158437730287399,0,0.000000000000000000,0.000000,0.000000000000000000000000,0.000000000000000000000000,0.000000,0.000000000000000000000000,0.000000,0.000000000000000000000000
2017-03-13,Aladin Premium (2513050),Tri Hutch - KlikFilm (3850763),Tri Hutch - WarkopDKIReborn (16041865),1340,4,0.002985074626865672,0,0.000000000000000000,0.000000,0.000000000000000000000000,0.000000000000000000000000,0.000000,0.000000000000000000000000,0.000000,0.000000000000000000000000
2017-03-13,Aladin Premium (2513050),Tri Hutch - BonsTri (3850692),Tri Hutch - BonsTri (16041529),1307,12,0.009181331293037490,0,0.000000000000000000,0.000000,0.000000000000000000000000,0.000000000000000000000000,0.000000,0.000000000000000000000000,0.000000,0.000000000000000000000000
2017-03-13,Aladin Premium (2513050),Tri Hutch - TriXogo (3848713),Tri Hutch - ColinMcraeRally (16038511),1300,7,0.005384615384615385,0,0.000000000000000000,0.000000,0.000000000000000000000000,0.000000000000000000000000,0.000000,0.000000000000000000000000,0.000000,0.000000000000000000000000
2017-03-13,Aladin Premium (2513050),Tri Hutch - TriXogo (3848713),Tri Hutch - HDRCamera (16041178),1275,9,0.007058823529411765,0,0.000000000000000000,0.000000,0.000000000000000000000000,0.000000000000000000000000,0.000000,0.000000000000000000000000,0.000000,0.000000000000000000000000
2017-03-13,Aladin Premium (2513050),Tri Hutch - 4G Camp (3883341),Tri Hutch - 4G Camp (16143518),1248,28,0.022435897435897436,0,0.000000000000000000,0.000000,0.000000000000000000000000,0.000000000000000000000000,0.000000,0.000000000000000000000000,0.000000,0.000000000000000000000000
2017-03-13,Aladin Premium (2513050),Tri Hutch - 4G Camp (3883341),Tri Hutch - 4G NPNK (16143591),1207,14,0.011599005799502900,0,0.000000000000000000,0.000000,0.000000000000000000000000,0.000000000000000000000000,0.000000,0.000000000000000000000000,0.000000,0.000000000000000000000000
2017-03-13,Aladin House (2822169),Tri Hutch - BonsTri (3850692),Tri Hutch - BonsTri (16041529),1151,11,0.009556907037358818,0,0.000000000000000000,0.000000,0.000000000000000000000000,0.000000000000000000000000,0.000000,0.000000000000000000000000,0.000000,0.000000000000000000000000
2017-03-13,Aladin House (2822169),Tri Hutch - KlikFilm (3850763),Tri Hutch - MSB (16042160),1112,7,0.006294964028776978,0,0.000000000000000000,0.000000,0.000000000000000000000000,0.000000000000000000000000,0.000000,0.000000000000000000000000,0.000000,0.000000000000000000000000
2017-03-13,Aladin House (2822169),Tri Hutch - KlikFilm (3850763),Tri Hutch - WarkopDKIReborn (16041865),1058,10,0.009451795841209830,0,0.000000000000000000,0.000000,0.000000000000000000000000,0.000000000000000000000000,0.000000,0.000000000000000000000000,0.000000,0.000000000000000000000000
2017-03-13,Aladin House (2822169),Tri Hutch - TriXogo (3848713),Tri Hutch - ColinMcraeRally (16038511),1043,7,0.006711409395973154,0,0.000000000000000000,0.000000,0.000000000000000000000000,0.000000000000000000000000,0.000000,0.000000000000000000000000,0.000000,0.000000000000000000000000
2017-03-13,Aladin House (2822169),Tri Hutch - TriXogo (3848713),Tri Hutch - HDRCamera (16041178),1012,5,0.004940711462450593,0,0.000000000000000000,0.000000,0.000000000000000000000000,0.000000000000000000000000,0.000000,0.000000000000000000000000,0.000000,0.000000000000000000000000
2017-03-13,Aladin House (2822169),Tri Hutch - 4G Camp (3883341),Tri Hutch - 4G Camp (16143518),922,6,0.006507592190889371,0,0.000000000000000000,0.000000,0.000000000000000000000000,0.000000000000000000000000,0.000000,0.000000000000000000000000,0.000000,0.000000000000000000000000
2017-03-13,Aladin House (2822169),Tri Hutch - 4G Camp (3883341),Tri Hutch - 4G NPNK (16143591),900,7,0.007777777777777778,0,0.000000000000000000,0.000000,0.000000000000000000000000,0.000000000000000000000000,0.000000,0.000000000000000000000000,0.000000,0.000000000000000000000000
2017-03-13,Aladin House (2822169),AQN-Kineria (3834810),Kineria-The Jak (15991389),673,1,0.001485884101040119,0,0.000000000000000000,2.015876,2.995358098068350668648000,2.995358098068350668648000,0.000000,0.000000000000000000000000,2.015876,2.995358098068350668648000
2017-03-13,Aladin House (2822169),AQN-Kineria (3834810),Kineria-Rock in Solo (15991342),617,2,0.003241491085899514,0,0.000000000000000000,1.848136,2.995358184764991896272000,2.995358184764991896272000,0.000000,0.000000000000000000000000,1.848136,2.995358184764991896272000
2017-03-13,Aladin RTB (2512901),External Buyers,External Buyers,337,0,0.000000000000000000,0,0.000000000000000000,0.010442,0.030985163204747774481000,0.030985163204747774481000,0.000000,0.000000000000000000000000,0.010442,0.030985163204747774481000
2017-03-13,Aladin RTB (2512901),Blank,Blank,332,0,0.000000000000000000,0,0.000000000000000000,0.000000,0.000000000000000000000000,0.000000000000000000000000,0.000000,0.000000000000000000000000,0.000000,0.000000000000000000000000
2017-03-13,Aladin Premium (2513050),Tri Hutch - TriLoker (3848781),Tri Hutch - TriLoker (16035397),301,0,0.000000000000000000,0,0.000000000000000000,0.000000,0.000000000000000000000000,0.000000000000000000000000,0.000000,0.000000000000000000000000,0.000000,0.000000000000000000000000
2017-03-13,Aladin House (2822169),Tri Hutch - TriLoker (3848781),Tri Hutch - TriLoker (16035397),187,2,0.010695187165775401,0,0.000000000000000000,0.000000,0.000000000000000000000000,0.000000000000000000000000,0.000000,0.000000000000000000000000,0.000000,0.000000000000000000000000
2017-03-13,Aladin Premium (2513050),Blank,Blank,6,0,0.000000000000000000,0,0.000000000000000000,0.000000,0.000000000000000000000000,0.000000000000000000000000,0.000000,0.000000000000000000000000,0.000000,0.000000000000000000000000
2017-03-14,Aladin House (2822169),Tri Hutch - BonsTri (3850692),Tri Hutch - BonsTri (16041529),7486,66,0.008816457387122629,0,0.000000000000000000,0.000001,0.000000133582687683676000,0.000000133582687683676000,0.000000,0.000000000000000000000000,0.000001,0.000000133582687683676000
2017-03-14,Aladin House (2822169),Tri Hutch - KlikFilm (3850763),Tri Hutch - WarkopDKIReborn (16041865),7323,35,0.004779461969138331,0,0.000000000000000000,0.000002,0.000000273112112522190000,0.000000273112112522190000,0.000000,0.000000000000000000000000,0.000002,0.000000273112112522190000
2017-03-14,Aladin House (2822169),Tri Hutch - KlikFilm (3850763),Tri Hutch - MSB (16042160),7277,37,0.005084512848701388,0,0.000000000000000000,0.000001,0.000000137419266181119000,0.000000137419266181119000,0.000000,0.000000000000000000000000,0.000001,0.000000137419266181119000
2017-03-14,Aladin House (2822169),Tri Hutch - TriXogo (3848713),Tri Hutch - HDRCamera (16041178),5422,38,0.007008483954260421,0,0.000000000000000000,0.000000,0.000000000000000000000000,0.000000000000000000000000,0.000000,0.000000000000000000000000,0.000000,0.000000000000000000000000
2017-03-14,Aladin House (2822169),Tri Hutch - TriXogo (3848713),Tri Hutch - ColinMcraeRally (16038511),5233,23,0.004395184406650105,0,0.000000000000000000,0.000000,0.000000000000000000000000,0.000000000000000000000000,0.000000,0.000000000000000000000000,0.000000,0.000000000000000000000000
2017-03-14,Aladin House (2822169),Tri Hutch - 4G Camp (3883341),Tri Hutch - 4G Camp (16143518),3479,47,0.013509629203794194,0,0.000000000000000000,0.000000,0.000000000000000000000000,0.000000000000000000000000,0.000000,0.000000000000000000000000,0.000000,0.000000000000000000000000
2017-03-14,Aladin House (2822169),Tri Hutch - 4G Camp (3883341),Tri Hutch - 4G NPNK (16143591),3373,23,0.006818855618144085,0,0.000000000000000000,0.000000,0.000000000000000000000000,0.000000000000000000000000,0.000000,0.000000000000000000000000,0.000000,0.000000000000000000000000
2017-03-14,Aladin Premium (2513050),AQN-Kineria (3834810),Kineria-The Jak (15991389),3274,6,0.001832620647525962,0,0.000000000000000000,9.800678,2.993487477092241905925000,2.993487477092241905925000,0.000000,0.000000000000000000000000,9.800678,2.993487477092241905925000
2017-03-14,Aladin Premium (2513050),AQN-Kineria (3834810),Kineria-Rock in Solo (15991342),3107,7,0.002252977148374638,0,0.000000000000000000,9.300887,2.993526552944962986804000,2.993526552944962986804000,0.000000,0.000000000000000000000000,9.300887,2.993526552944962986804000
2017-03-14,Aladin RTB (2512901),External Buyers,External Buyers,659,0,0.000000000000000000,0,0.000000000000000000,0.024825,0.037670713201820940819000,0.037670713201820940819000,0.000000,0.000000000000000000000000,0.024825,0.037670713201820940819000
2017-03-14,Aladin RTB (2512901),Blank,Blank,582,0,0.000000000000000000,0,0.000000000000000000,0.000000,0.000000000000000000000000,0.000000000000000000000000,0.000000,0.000000000000000000000000,0.000000,0.000000000000000000000000
2017-03-14,Aladin House (2822169),Tri Hutch - TriLoker (3848781),Tri Hutch - TriLoker (16035397),537,1,0.001862197392923650,0,0.000000000000000000,0.000000,0.000000000000000000000000,0.000000000000000000000000,0.000000,0.000000000000000000000000,0.000000,0.000000000000000000000000
2017-03-14,Aladin House (2822169),AQN-Kineria (3834810),Kineria-Rock in Solo (15991342),131,1,0.007633587786259542,0,0.000000000000000000,0.392391,2.995351145038167938931000,2.995351145038167938931000,0.000000,0.000000000000000000000000,0.392391,2.995351145038167938931000
2017-03-14,Aladin House (2822169),AQN-Kineria (3834810),Kineria-The Jak (15991389),94,0,0.000000000000000000,0,0.000000000000000000,0.281564,2.995361702127659574468000,2.995361702127659574468000,0.000000,0.000000000000000000000000,0.281564,2.995361702127659574468000
2017-03-14,Aladin Premium (2513050),Tri Hutch - KlikFilm (3850763),Tri Hutch - WarkopDKIReborn (16041865),84,0,0.000000000000000000,0,0.000000000000000000,0.000000,0.000000000000000000000000,0.000000000000000000000000,0.000000,0.000000000000000000000000,0.000000,0.000000000000000000000000
2017-03-14,Aladin Premium (2513050),Blank,Blank,75,0,0.000000000000000000,0,0.000000000000000000,0.000000,0.000000000000000000000000,0.000000000000000000000000,0.000000,0.000000000000000000000000,0.000000,0.000000000000000000000000
2017-03-14,Aladin Premium (2513050),Tri Hutch - KlikFilm (3850763),Tri Hutch - MSB (16042160),57,0,0.000000000000000000,0,0.000000000000000000,0.000000,0.000000000000000000000000,0.000000000000000000000000,0.000000,0.000000000000000000000000,0.000000,0.000000000000000000000000
2017-03-14,Aladin Premium (2513050),Tri Hutch - BonsTri (3850692),Tri Hutch - BonsTri (16041529),56,0,0.000000000000000000,0,0.000000000000000000,0.000000,0.000000000000000000000000,0.000000000000000000000000,0.000000,0.000000000000000000000000,0.000000,0.000000000000000000000000
2017-03-14,Aladin Premium (2513050),Tri Hutch - TriXogo (3848713),Tri Hutch - ColinMcraeRally (16038511),48,1,0.020833333333333333,0,0.000000000000000000,0.000000,0.000000000000000000000000,0.000000000000000000000000,0.000000,0.000000000000000000000000,0.000000,0.000000000000000000000000
2017-03-14,Aladin Premium (2513050),Tri Hutch - TriXogo (3848713),Tri Hutch - HDRCamera (16041178),28,0,0.000000000000000000,0,0.000000000000000000,0.000000,0.000000000000000000000000,0.000000000000000000000000,0.000000,0.000000000000000000000000,0.000000,0.000000000000000000000000
2017-03-14,Aladin Premium (2513050),Tri Hutch - 4G Camp (3883341),Tri Hutch - 4G Camp (16143518),16,0,0.000000000000000000,0,0.000000000000000000,0.000000,0.000000000000000000000000,0.000000000000000000000000,0.000000,0.000000000000000000000000,0.000000,0.000000000000000000000000
2017-03-14,Aladin Premium (2513050),Tri Hutch - 4G Camp (3883341),Tri Hutch - 4G NPNK (16143591),12,0,0.000000000000000000,0,0.000000000000000000,0.000000,0.000000000000000000000000,0.000000000000000000000000,0.000000,0.000000000000000000000000,0.000000,0.000000000000000000000000
2017-03-14,Aladin House (2822169),Blank,Blank,7,0,0.000000000000000000,0,0.000000000000000000,0.000000,0.000000000000000000000000,0.000000000000000000000000,0.000000,0.000000000000000000000000,0.000000,0.000000000000000000000000
2017-03-14,Aladin Premium (2513050),Tri Hutch - TriLoker (3848781),Tri Hutch - TriLoker (16035397),3,0,0.000000000000000000,0,0.000000000000000000,0.000000,0.000000000000000000000000,0.000000000000000000000000,0.000000,0.000000000000000000000000,0.000000,0.000000000000000000000000
2017-03-15,Aladin Premium (2513050),AQN-Kineria (3834810),Kineria-The Jak (15991389),4859,17,0.003498662276188516,0,0.000000000000000000,14.541247,2.992641901625848940111000,2.992641901625848940111000,0.000000,0.000000000000000000000000,14.541247,2.992641901625848940111000
2017-03-15,Aladin Premium (2513050),AQN-Kineria (3834810),Kineria-Rock in Solo (15991342),4800,21,0.004375000000000000,0,0.000000000000000000,14.364821,2.992671041666666666667000,2.992671041666666666667000,0.000000,0.000000000000000000000000,14.364821,2.992671041666666666667000
2017-03-15,Aladin Premium (2513050),Blank,Blank,3270,0,0.000000000000000000,0,0.000000000000000000,0.000000,0.000000000000000000000000,0.000000000000000000000000,0.000000,0.000000000000000000000000,0.000000,0.000000000000000000000000
2017-03-15,Aladin RTB (2512901),External Buyers,External Buyers,2340,2,0.000854700854700855,0,0.000000000000000000,0.084206,0.035985470085470085470000,0.035985470085470085470000,0.000000,0.000000000000000000000000,0.084206,0.035985470085470085470000
2017-03-15,Aladin RTB (2512901),Blank,Blank,1677,0,0.000000000000000000,0,0.000000000000000000,0.000000,0.000000000000000000000000,0.000000000000000000000000,0.000000,0.000000000000000000000000,0.000000,0.000000000000000000000000
2017-03-15,Aladin House (2822169),Tri Hutch - TriXogo (3848713),Tri Hutch - HDRCamera (16041178),1671,5,0.002992220227408737,0,0.000000000000000000,0.000000,0.000000000000000000000000,0.000000000000000000000000,0.000000,0.000000000000000000000000,0.000000,0.000000000000000000000000
2017-03-15,Aladin House (2822169),Tri Hutch - BonsTri (3850692),Tri Hutch - BonsTri (16041529),1657,25,0.015087507543753772,0,0.000000000000000000,0.000000,0.000000000000000000000000,0.000000000000000000000000,0.000000,0.000000000000000000000000,0.000000,0.000000000000000000000000
2017-03-15,Aladin House (2822169),Tri Hutch - TriXogo (3848713),Tri Hutch - ColinMcraeRally (16038511),1643,11,0.006695069993913573,0,0.000000000000000000,0.000000,0.000000000000000000000000,0.000000000000000000000000,0.000000,0.000000000000000000000000,0.000000,0.000000000000000000000000
2017-03-15,Aladin House (2822169),Tri Hutch - KlikFilm (3850763),Tri Hutch - WarkopDKIReborn (16041865),1631,13,0.007970570202329859,0,0.000000000000000000,0.000000,0.000000000000000000000000,0.000000000000000000000000,0.000000,0.000000000000000000000000,0.000000,0.000000000000000000000000
2017-03-15,Aladin House (2822169),Tri Hutch - KlikFilm (3850763),Tri Hutch - MSB (16042160),1613,12,0.007439553626782393,0,0.000000000000000000,0.000000,0.000000000000000000000000,0.000000000000000000000000,0.000000,0.000000000000000000000000,0.000000,0.000000000000000000000000
2017-03-15,Aladin House (2822169),Tri Hutch - 4G Camp (3883341),Tri Hutch - 4G Camp (16143518),1610,37,0.022981366459627329,0,0.000000000000000000,0.000000,0.000000000000000000000000,0.000000000000000000000000,0.000000,0.000000000000000000000000,0.000000,0.000000000000000000000000
2017-03-15,Aladin House (2822169),Tri Hutch - 4G Camp (3883341),Tri Hutch - 4G NPNK (16143591),1572,13,0.008269720101781170,0,0.000000000000000000,0.000000,0.000000000000000000000000,0.000000000000000000000000,0.000000,0.000000000000000000000000,0.000000,0.000000000000000000000000
2017-03-15,Aladin House (2822169),Tri Hutch - 4G Berani (3872390),Tri Hutch - 4G Berani (16106645),719,10,0.013908205841446453,0,0.000000000000000000,0.000000,0.000000000000000000000000,0.000000000000000000000000,0.000000,0.000000000000000000000000,0.000000,0.000000000000000000000000
2017-03-15,Aladin House (2822169),Tri Hutch - 4G Berani (3872390),Tri Hutch - 4G OTT (16121271),715,5,0.006993006993006993,0,0.000000000000000000,0.000000,0.000000000000000000000000,0.000000000000000000000000,0.000000,0.000000000000000000000000,0.000000,0.000000000000000000000000
2017-03-15,Aladin House (2822169),Tri Hutch - TriLoker (3848781),Tri Hutch - TriLoker (16035397),493,6,0.012170385395537525,0,0.000000000000000000,0.000000,0.000000000000000000000000,0.000000000000000000000000,0.000000,0.000000000000000000000000,0.000000,0.000000000000000000000000
2017-03-15,Aladin House (2822169),Blank,Blank,1,0,0.000000000000000000,0,0.000000000000000000,0.000000,0.000000000000000000000000,0.000000000000000000000000,0.000000,0.000000000000000000000000,0.000000,0.000000000000000000000000
2017-03-16,Aladin Premium (2513050),AQN-Kineria (3834810),Kineria-Rock in Solo (15991342),4690,21,0.004477611940298507,0,0.000000000000000000,14.067341,2.999433049040511727079000,2.999433049040511727079000,0.000000,0.000000000000000000000000,14.067341,2.999433049040511727079000
2017-03-16,Aladin Premium (2513050),AQN-Kineria (3834810),Kineria-The Jak (15991389),4658,27,0.005796479175611851,0,0.000000000000000000,13.970317,2.999209317303563761271000,2.999209317303563761271000,0.000000,0.000000000000000000000000,13.970317,2.999209317303563761271000
2017-03-16,Aladin Premium (2513050),Blank,Blank,4198,0,0.000000000000000000,0,0.000000000000000000,0.000000,0.000000000000000000000000,0.000000000000000000000000,0.000000,0.000000000000000000000000,0.000000,0.000000000000000000000000
2017-03-16,Aladin RTB (2512901),Blank,Blank,2168,0,0.000000000000000000,0,0.000000000000000000,0.000000,0.000000000000000000000000,0.000000000000000000000000,0.000000,0.000000000000000000000000,0.000000,0.000000000000000000000000
2017-03-16,Aladin RTB (2512901),External Buyers,External Buyers,2038,1,0.000490677134445535,0,0.000000000000000000,0.069881,0.034289008832188420020000,0.034289008832188420020000,0.000000,0.000000000000000000000000,0.069881,0.034289008832188420020000
2017-03-16,Aladin House (2822169),Tri Hutch - BonsTri (3850692),Tri Hutch - BonsTri (16041529),1526,10,0.006553079947575360,0,0.000000000000000000,0.000000,0.000000000000000000000000,0.000000000000000000000000,0.000000,0.000000000000000000000000,0.000000,0.000000000000000000000000
2017-03-16,Aladin House (2822169),Tri Hutch - TriXogo (3848713),Tri Hutch - HDRCamera (16041178),1512,9,0.005952380952380952,0,0.000000000000000000,0.000000,0.000000000000000000000000,0.000000000000000000000000,0.000000,0.000000000000000000000000,0.000000,0.000000000000000000000000
2017-03-16,Aladin House (2822169),Tri Hutch - 4G Berani (3872390),Tri Hutch - 4G Berani (16106645),1491,23,0.015425888665325285,0,0.000000000000000000,0.000000,0.000000000000000000000000,0.000000000000000000000000,0.000000,0.000000000000000000000000,0.000000,0.000000000000000000000000
2017-03-16,Aladin House (2822169),Tri Hutch - 4G Camp (3883341),Tri Hutch - 4G Camp (16143518),1464,17,0.011612021857923497,0,0.000000000000000000,0.000000,0.000000000000000000000000,0.000000000000000000000000,0.000000,0.000000000000000000000000,0.000000,0.000000000000000000000000
2017-03-16,Aladin House (2822169),Tri Hutch - 4G Berani (3872390),Tri Hutch - 4G OTT (16121271),1464,6,0.004098360655737705,0,0.000000000000000000,0.000000,0.000000000000000000000000,0.000000000000000000000000,0.000000,0.000000000000000000000000,0.000000,0.000000000000000000000000
2017-03-16,Aladin House (2822169),Tri Hutch - KlikFilm (3850763),Tri Hutch - WarkopDKIReborn (16041865),1448,13,0.008977900552486188,0,0.000000000000000000,0.000000,0.000000000000000000000000,0.000000000000000000000000,0.000000,0.000000000000000000000000,0.000000,0.000000000000000000000000
2017-03-16,Aladin House (2822169),Tri Hutch - 4G Camp (3883341),Tri Hutch - 4G NPNK (16143591),1430,10,0.006993006993006993,0,0.000000000000000000,0.000000,0.000000000000000000000000,0.000000000000000000000000,0.000000,0.000000000000000000000000,0.000000,0.000000000000000000000000
2017-03-16,Aladin House (2822169),Tri Hutch - KlikFilm (3850763),Tri Hutch - MSB (16042160),1427,12,0.008409250175192712,0,0.000000000000000000,0.000000,0.000000000000000000000000,0.000000000000000000000000,0.000000,0.000000000000000000000000,0.000000,0.000000000000000000000000
2017-03-16,Aladin House (2822169),Tri Hutch - TriXogo (3848713),Tri Hutch - ColinMcraeRally (16038511),1368,11,0.008040935672514620,0,0.000000000000000000,0.000000,0.000000000000000000000000,0.000000000000000000000000,0.000000,0.000000000000000000000000,0.000000,0.000000000000000000000000
2017-03-16,Aladin House (2822169),Tri Hutch - TriLoker (3848781),Tri Hutch - TriLoker (16035397),476,6,0.012605042016806723,0,0.000000000000000000,0.000000,0.000000000000000000000000,0.000000000000000000000000,0.000000,0.000000000000000000000000,0.000000,0.000000000000000000000000
2017-03-16,Aladin House (2822169),Blank,Blank,5,0,0.000000000000000000,0,0.000000000000000000,0.000000,0.000000000000000000000000,0.000000000000000000000000,0.000000,0.000000000000000000000000,0.000000,0.000000000000000000000000
2017-03-17,Aladin Premium (2513050),AQN-Kineria (3834810),Kineria-The Jak (15991389),5017,38,0.007574247558301774,0,0.000000000000000000,15.065154,3.002821207893163244967000,3.002821207893163244967000,0.000000,0.000000000000000000000000,15.065154,3.002821207893163244967000
2017-03-17,Aladin Premium (2513050),AQN-Kineria (3834810),Kineria-Rock in Solo (15991342),5005,18,0.003596403596403596,0,0.000000000000000000,15.028879,3.002773026973026973027000,3.002773026973026973027000,0.000000,0.000000000000000000000000,15.028879,3.002773026973026973027000
2017-03-17,Aladin Premium (2513050),Blank,Blank,4347,0,0.000000000000000000,0,0.000000000000000000,0.000000,0.000000000000000000000000,0.000000000000000000000000,0.000000,0.000000000000000000000000,0.000000,0.000000000000000000000000
2017-03-17,Aladin RTB (2512901),External Buyers,External Buyers,2155,2,0.000928074245939675,0,0.000000000000000000,0.053630,0.024886310904872389791000,0.024886310904872389791000,0.000000,0.000000000000000000000000,0.053630,0.024886310904872389791000
2017-03-17,Aladin RTB (2512901),Blank,Blank,1732,0,0.000000000000000000,0,0.000000000000000000,0.000000,0.000000000000000000000000,0.000000000000000000000000,0.000000,0.000000000000000000000000,0.000000,0.000000000000000000000000
2017-03-17,Aladin House (2822169),Tri Hutch - KlikFilm (3850763),Tri Hutch - WarkopDKIReborn (16041865),1596,16,0.010025062656641604,0,0.000000000000000000,0.000000,0.000000000000000000000000,0.000000000000000000000000,0.000000,0.000000000000000000000000,0.000000,0.000000000000000000000000
2017-03-17,Aladin House (2822169),Tri Hutch - TriXogo (3848713),Tri Hutch - ColinMcraeRally (16038511),1594,9,0.005646173149309912,0,0.000000000000000000,0.000000,0.000000000000000000000000,0.000000000000000000000000,0.000000,0.000000000000000000000000,0.000000,0.000000000000000000000000
2017-03-17,Aladin House (2822169),Tri Hutch - 4G Camp (3883341),Tri Hutch - 4G NPNK (16143591),1549,15,0.009683666881859264,0,0.000000000000000000,0.000000,0.000000000000000000000000,0.000000000000000000000000,0.000000,0.000000000000000000000000,0.000000,0.000000000000000000000000
2017-03-17,Aladin House (2822169),Tri Hutch - BonsTri (3850692),Tri Hutch - BonsTri (16041529),1543,20,0.012961762799740765,0,0.000000000000000000,0.000000,0.000000000000000000000000,0.000000000000000000000000,0.000000,0.000000000000000000000000,0.000000,0.000000000000000000000000
2017-03-17,Aladin House (2822169),Tri Hutch - 4G Berani (3872390),Tri Hutch - 4G Berani (16106645),1542,27,0.017509727626459144,0,0.000000000000000000,0.000000,0.000000000000000000000000,0.000000000000000000000000,0.000000,0.000000000000000000000000,0.000000,0.000000000000000000000000
2017-03-17,Aladin House (2822169),Tri Hutch - 4G Berani (3872390),Tri Hutch - 4G OTT (16121271),1531,10,0.006531678641410843,0,0.000000000000000000,0.000000,0.000000000000000000000000,0.000000000000000000000000,0.000000,0.000000000000000000000000,0.000000,0.000000000000000000000000
2017-03-17,Aladin House (2822169),Tri Hutch - KlikFilm (3850763),Tri Hutch - MSB (16042160),1489,16,0.010745466756212223,0,0.000000000000000000,0.000000,0.000000000000000000000000,0.000000000000000000000000,0.000000,0.000000000000000000000000,0.000000,0.000000000000000000000000
2017-03-17,Aladin House (2822169),Tri Hutch - TriXogo (3848713),Tri Hutch - HDRCamera (16041178),1484,8,0.005390835579514825,0,0.000000000000000000,0.000000,0.000000000000000000000000,0.000000000000000000000000,0.000000,0.000000000000000000000000,0.000000,0.000000000000000000000000
2017-03-17,Aladin House (2822169),Tri Hutch - 4G Camp (3883341),Tri Hutch - 4G Camp (16143518),1482,40,0.026990553306342780,0,0.000000000000000000,0.000000,0.000000000000000000000000,0.000000000000000000000000,0.000000,0.000000000000000000000000,0.000000,0.000000000000000000000000
2017-03-17,Aladin House (2822169),Tri Hutch - TriLoker (3848781),Tri Hutch - TriLoker (16035397),484,4,0.008264462809917355,0,0.000000000000000000,0.000000,0.000000000000000000000000,0.000000000000000000000000,0.000000,0.000000000000000000000000,0.000000,0.000000000000000000000000
2017-03-18,Aladin Premium (2513050),Blank,Blank,7216,0,0.000000000000000000,0,0.000000000000000000,0.000000,0.000000000000000000000000,0.000000000000000000000000,0.000000,0.000000000000000000000000,0.000000,0.000000000000000000000000
2017-03-18,Aladin Premium (2513050),AQN-Kineria (3834810),Kineria-Rock in Solo (15991342),5174,15,0.002899110939311944,0,0.000000000000000000,15.518255,2.999276188635485117897000,2.999276188635485117897000,0.000000,0.000000000000000000000000,15.518255,2.999276188635485117897000
2017-03-18,Aladin Premium (2513050),AQN-Kineria (3834810),Kineria-The Jak (15991389),5160,21,0.004069767441860465,0,0.000000000000000000,15.476310,2.999284883720930232558000,2.999284883720930232558000,0.000000,0.000000000000000000000000,15.476310,2.999284883720930232558000
2017-03-18,Aladin RTB (2512901),External Buyers,External Buyers,3444,3,0.000871080139372822,0,0.000000000000000000,0.099279,0.028826655052264808362000,0.028826655052264808362000,0.000000,0.000000000000000000000000,0.099279,0.028826655052264808362000
2017-03-18,Aladin House (2822169),Tri Hutch - 4G Berani (3872390),Tri Hutch - 4G OTT (16121271),1992,8,0.004016064257028112,0,0.000000000000000000,0.000000,0.000000000000000000000000,0.000000000000000000000000,0.000000,0.000000000000000000000000,0.000000,0.000000000000000000000000
2017-03-18,Aladin RTB (2512901),Blank,Blank,1928,0,0.000000000000000000,0,0.000000000000000000,0.000000,0.000000000000000000000000,0.000000000000000000000000,0.000000,0.000000000000000000000000,0.000000,0.000000000000000000000000
2017-03-18,Aladin House (2822169),Tri Hutch - KlikFilm (3850763),Tri Hutch - WarkopDKIReborn (16041865),1908,13,0.006813417190775681,0,0.000000000000000000,0.000000,0.000000000000000000000000,0.000000000000000000000000,0.000000,0.000000000000000000000000,0.000000,0.000000000000000000000000
2017-03-18,Aladin House (2822169),Tri Hutch - KlikFilm (3850763),Tri Hutch - MSB (16042160),1904,19,0.009978991596638655,0,0.000000000000000000,0.000000,0.000000000000000000000000,0.000000000000000000000000,0.000000,0.000000000000000000000000,0.000000,0.000000000000000000000000
2017-03-18,Aladin House (2822169),Tri Hutch - 4G Berani (3872390),Tri Hutch - 4G Berani (16106645),1893,37,0.019545694664553619,0,0.000000000000000000,0.000000,0.000000000000000000000000,0.000000000000000000000000,0.000000,0.000000000000000000000000,0.000000,0.000000000000000000000000
2017-03-18,Aladin House (2822169),Tri Hutch - BonsTri (3850692),Tri Hutch - BonsTri (16041529),1884,22,0.011677282377919321,0,0.000000000000000000,0.000000,0.000000000000000000000000,0.000000000000000000000000,0.000000,0.000000000000000000000000,0.000000,0.000000000000000000000000
2017-03-18,Aladin House (2822169),Tri Hutch - TriXogo (3848713),Tri Hutch - ColinMcraeRally (16038511),1874,12,0.006403415154749200,0,0.000000000000000000,0.000000,0.000000000000000000000000,0.000000000000000000000000,0.000000,0.000000000000000000000000,0.000000,0.000000000000000000000000
2017-03-18,Aladin House (2822169),Tri Hutch - 4G Camp (3883341),Tri Hutch - 4G NPNK (16143591),1873,13,0.006940736785904965,0,0.000000000000000000,0.000000,0.000000000000000000000000,0.000000000000000000000000,0.000000,0.000000000000000000000000,0.000000,0.000000000000000000000000
2017-03-18,Aladin House (2822169),Tri Hutch - TriXogo (3848713),Tri Hutch - HDRCamera (16041178),1864,20,0.010729613733905579,0,0.000000000000000000,0.000000,0.000000000000000000000000,0.000000000000000000000000,0.000000,0.000000000000000000000000,0.000000,0.000000000000000000000000
2017-03-18,Aladin House (2822169),Tri Hutch - 4G Camp (3883341),Tri Hutch - 4G Camp (16143518),1838,27,0.014689880304678999,0,0.000000000000000000,0.000000,0.000000000000000000000000,0.000000000000000000000000,0.000000,0.000000000000000000000000,0.000000,0.000000000000000000000000
2017-03-18,Aladin House (2822169),Tri Hutch - TriLoker (3848781),Tri Hutch - TriLoker (16035397),450,4,0.008888888888888889,0,0.000000000000000000,0.000000,0.000000000000000000000000,0.000000000000000000000000,0.000000,0.000000000000000000000000,0.000000,0.000000000000000000000000
2017-03-19,Aladin Premium (2513050),Blank,Blank,6878,0,0.000000000000000000,0,0.000000000000000000,0.000000,0.000000000000000000000000,0.000000000000000000000000,0.000000,0.000000000000000000000000,0.000000,0.000000000000000000000000
2017-03-19,Aladin Premium (2513050),AQN-Kineria (3834810),Kineria-Rock in Solo (15991342),5173,22,0.004252851343514402,0,0.000000000000000000,15.511254,2.998502609704233520201000,2.998502609704233520201000,0.000000,0.000000000000000000000000,15.511254,2.998502609704233520201000
2017-03-19,Aladin Premium (2513050),AQN-Kineria (3834810),Kineria-The Jak (15991389),5153,30,0.005821851348728896,0,0.000000000000000000,15.451285,2.998502813894818552300000,2.998502813894818552300000,0.000000,0.000000000000000000000000,15.451285,2.998502813894818552300000
2017-03-19,Aladin RTB (2512901),External Buyers,External Buyers,3363,3,0.000892060660124888,0,0.000000000000000000,0.101656,0.030227772821885221528000,0.030227772821885221528000,0.000000,0.000000000000000000000000,0.101656,0.030227772821885221528000
2017-03-19,Aladin House (2822169),Tri Hutch - TriXogo (3848713),Tri Hutch - HDRCamera (16041178),1967,21,0.010676156583629893,0,0.000000000000000000,0.000000,0.000000000000000000000000,0.000000000000000000000000,0.000000,0.000000000000000000000000,0.000000,0.000000000000000000000000
2017-03-19,Aladin House (2822169),Tri Hutch - 4G Berani (3872390),Tri Hutch - 4G OTT (16121271),1886,15,0.007953340402969247,0,0.000000000000000000,0.000000,0.000000000000000000000000,0.000000000000000000000000,0.000000,0.000000000000000000000000,0.000000,0.000000000000000000000000
2017-03-19,Aladin House (2822169),Tri Hutch - 4G Camp (3883341),Tri Hutch - 4G NPNK (16143591),1881,15,0.007974481658692185,0,0.000000000000000000,0.000000,0.000000000000000000000000,0.000000000000000000000000,0.000000,0.000000000000000000000000,0.000000,0.000000000000000000000000
2017-03-19,Aladin House (2822169),Tri Hutch - 4G Camp (3883341),Tri Hutch - 4G Camp (16143518),1880,50,0.026595744680851064,0,0.000000000000000000,0.000000,0.000000000000000000000000,0.000000000000000000000000,0.000000,0.000000000000000000000000,0.000000,0.000000000000000000000000
2017-03-19,Aladin House (2822169),Tri Hutch - BonsTri (3850692),Tri Hutch - BonsTri (16041529),1859,23,0.012372243141473911,0,0.000000000000000000,0.000000,0.000000000000000000000000,0.000000000000000000000000,0.000000,0.000000000000000000000000,0.000000,0.000000000000000000000000
2017-03-19,Aladin House (2822169),Tri Hutch - KlikFilm (3850763),Tri Hutch - MSB (16042160),1833,13,0.007092198581560284,0,0.000000000000000000,0.000000,0.000000000000000000000000,0.000000000000000000000000,0.000000,0.000000000000000000000000,0.000000,0.000000000000000000000000
2017-03-19,Aladin House (2822169),Tri Hutch - KlikFilm (3850763),Tri Hutch - WarkopDKIReborn (16041865),1806,16,0.008859357696566999,0,0.000000000000000000,0.000000,0.000000000000000000000000,0.000000000000000000000000,0.000000,0.000000000000000000000000,0.000000,0.000000000000000000000000
2017-03-19,Aladin House (2822169),Tri Hutch - TriXogo (3848713),Tri Hutch - ColinMcraeRally (16038511),1801,13,0.007218212104386452,0,0.000000000000000000,0.000000,0.000000000000000000000000,0.000000000000000000000000,0.000000,0.000000000000000000000000,0.000000,0.000000000000000000000000
2017-03-19,Aladin House (2822169),Tri Hutch - 4G Berani (3872390),Tri Hutch - 4G Berani (16106645),1799,38,0.021122846025569761,0,0.000000000000000000,0.000000,0.000000000000000000000000,0.000000000000000000000000,0.000000,0.000000000000000000000000,0.000000,0.000000000000000000000000
2017-03-19,Aladin RTB (2512901),Blank,Blank,1340,0,0.000000000000000000,0,0.000000000000000000,0.000000,0.000000000000000000000000,0.000000000000000000000000,0.000000,0.000000000000000000000000,0.000000,0.000000000000000000000000
2017-03-19,Aladin House (2822169),Tri Hutch - TriLoker (3848781),Tri Hutch - TriLoker (16035397),436,5,0.011467889908256881,0,0.000000000000000000,0.000000,0.000000000000000000000000,0.000000000000000000000000,0.000000,0.000000000000000000000000,0.000000,0.000000000000000000000000
2017-03-20,Aladin Premium (2513050),Blank,Blank,8068,0,0.000000000000000000,0,0.000000000000000000,0.000000,0.000000000000000000000000,0.000000000000000000000000,0.000000,0.000000000000000000000000,0.000000,0.000000000000000000000000
2017-03-20,Aladin Premium (2513050),AQN-Kineria (3834810),Kineria-The Jak (15991389),5408,20,0.003698224852071006,0,0.000000000000000000,16.250511,3.004902181952662721893000,3.004902181952662721893000,0.000000,0.000000000000000000000000,16.250511,3.004902181952662721893000
2017-03-20,Aladin Premium (2513050),AQN-Kineria (3834810),Kineria-Rock in Solo (15991342),5387,20,0.003712641544458882,0,0.000000000000000000,16.187577,3.004933543716354186003000,3.004933543716354186003000,0.000000,0.000000000000000000000000,16.187577,3.004933543716354186003000
2017-03-20,Aladin RTB (2512901),External Buyers,External Buyers,3623,1,0.000276014352746343,0,0.000000000000000000,0.108352,0.029906707148771736130000,0.029906707148771736130000,0.000000,0.000000000000000000000000,0.108352,0.029906707148771736130000
2017-03-20,Aladin RTB (2512901),Blank,Blank,2274,0,0.000000000000000000,0,0.000000000000000000,0.000000,0.000000000000000000000000,0.000000000000000000000000,0.000000,0.000000000000000000000000,0.000000,0.000000000000000000000000
2017-03-20,Aladin House (2822169),Tri Hutch - 4G Berani (3872390),Tri Hutch - 4G Berani (16106645),2096,35,0.016698473282442748,0,0.000000000000000000,0.000000,0.000000000000000000000000,0.000000000000000000000000,0.000000,0.000000000000000000000000,0.000000,0.000000000000000000000000
2017-03-20,Aladin House (2822169),Tri Hutch - KlikFilm (3850763),Tri Hutch - WarkopDKIReborn (16041865),2080,18,0.008653846153846154,0,0.000000000000000000,0.000000,0.000000000000000000000000,0.000000000000000000000000,0.000000,0.000000000000000000000000,0.000000,0.000000000000000000000000
2017-03-20,Aladin House (2822169),Tri Hutch - TriXogo (3848713),Tri Hutch - ColinMcraeRally (16038511),2072,11,0.005308880308880309,0,0.000000000000000000,0.000000,0.000000000000000000000000,0.000000000000000000000000,0.000000,0.000000000000000000000000,0.000000,0.000000000000000000000000
2017-03-20,Aladin House (2822169),Tri Hutch - BonsTri (3850692),Tri Hutch - BonsTri (16041529),2064,16,0.007751937984496124,0,0.000000000000000000,0.000000,0.000000000000000000000000,0.000000000000000000000000,0.000000,0.000000000000000000000000,0.000000,0.000000000000000000000000
2017-03-20,Aladin House (2822169),Tri Hutch - TriXogo (3848713),Tri Hutch - HDRCamera (16041178),2058,11,0.005344995140913508,0,0.000000000000000000,0.000000,0.000000000000000000000000,0.000000000000000000000000,0.000000,0.000000000000000000000000,0.000000,0.000000000000000000000000
2017-03-20,Aladin House (2822169),Tri Hutch - 4G Camp (3883341),Tri Hutch - 4G Camp (16143518),2046,29,0.014173998044965787,0,0.000000000000000000,0.000000,0.000000000000000000000000,0.000000000000000000000000,0.000000,0.000000000000000000000000,0.000000,0.000000000000000000000000
2017-03-20,Aladin House (2822169),Tri Hutch - 4G Berani (3872390),Tri Hutch - 4G OTT (16121271),2030,10,0.004926108374384236,0,0.000000000000000000,0.000000,0.000000000000000000000000,0.000000000000000000000000,0.000000,0.000000000000000000000000,0.000000,0.000000000000000000000000
2017-03-20,Aladin House (2822169),Tri Hutch - 4G Camp (3883341),Tri Hutch - 4G NPNK (16143591),2016,10,0.004960317460317460,0,0.000000000000000000,0.000000,0.000000000000000000000000,0.000000000000000000000000,0.000000,0.000000000000000000000000,0.000000,0.000000000000000000000000
2017-03-20,Aladin House (2822169),Tri Hutch - KlikFilm (3850763),Tri Hutch - MSB (16042160),2014,14,0.006951340615690169,0,0.000000000000000000,0.000000,0.000000000000000000000000,0.000000000000000000000000,0.000000,0.000000000000000000000000,0.000000,0.000000000000000000000000
2017-03-20,Aladin House (2822169),Tri Hutch - TriLoker (3848781),Tri Hutch - TriLoker (16035397),428,1,0.002336448598130841,0,0.000000000000000000,0.000000,0.000000000000000000000000,0.000000000000000000000000,0.000000,0.000000000000000000000000,0.000000,0.000000000000000000000000
2017-03-20,Aladin House (2822169),Blank,Blank,4,0,0.000000000000000000,0,0.000000000000000000,0.000000,0.000000000000000000000000,0.000000000000000000000000,0.000000,0.000000000000000000000000,0.000000,0.000000000000000000000000
2017-03-21,Aladin Premium (2513050),Blank,Blank,1230,0,0.000000000000000000,0,0.000000000000000000,0.000000,0.000000000000000000000000,0.000000000000000000000000,0.000000,0.000000000000000000000000,0.000000,0.000000000000000000000000
2017-03-21,Aladin RTB (2512901),External Buyers,External Buyers,470,0,0.000000000000000000,0,0.000000000000000000,0.015900,0.033829787234042553191000,0.033829787234042553191000,0.000000,0.000000000000000000000000,0.015900,0.033829787234042553191000
2017-03-21,Aladin Premium (2513050),AQN-Kineria (3834810),Kineria-Rock in Solo (15991342),466,3,0.006437768240343348,0,0.000000000000000000,1.402981,3.010688841201716738197000,3.010688841201716738197000,0.000000,0.000000000000000000000000,1.402981,3.010688841201716738197000
2017-03-21,Aladin Premium (2513050),AQN-Kineria (3834810),Kineria-The Jak (15991389),406,1,0.002463054187192118,0,0.000000000000000000,1.222339,3.010687192118226600985000,3.010687192118226600985000,0.000000,0.000000000000000000000000,1.222339,3.010687192118226600985000
2017-03-21,Aladin House (2822169),Tri Hutch - 4G Camp (3883341),Tri Hutch - 4G NPNK (16143591),249,1,0.004016064257028112,0,0.000000000000000000,0.000000,0.000000000000000000000000,0.000000000000000000000000,0.000000,0.000000000000000000000000,0.000000,0.000000000000000000000000
2017-03-21,Aladin House (2822169),Tri Hutch - TriXogo (3848713),Tri Hutch - ColinMcraeRally (16038511),249,0,0.000000000000000000,0,0.000000000000000000,0.000000,0.000000000000000000000000,0.000000000000000000000000,0.000000,0.000000000000000000000000,0.000000,0.000000000000000000000000
2017-03-21,Aladin House (2822169),Tri Hutch - KlikFilm (3850763),Tri Hutch - WarkopDKIReborn (16041865),239,2,0.008368200836820084,0,0.000000000000000000,0.000000,0.000000000000000000000000,0.000000000000000000000000,0.000000,0.000000000000000000000000,0.000000,0.000000000000000000000000
2017-03-21,Aladin House (2822169),Tri Hutch - 4G Camp (3883341),Tri Hutch - 4G Camp (16143518),230,4,0.017391304347826087,0,0.000000000000000000,0.000000,0.000000000000000000000000,0.000000000000000000000000,0.000000,0.000000000000000000000000,0.000000,0.000000000000000000000000
2017-03-21,Aladin House (2822169),Tri Hutch - 4G Berani (3872390),Tri Hutch - 4G Berani (16106645),228,5,0.021929824561403509,0,0.000000000000000000,0.000000,0.000000000000000000000000,0.000000000000000000000000,0.000000,0.000000000000000000000000,0.000000,0.000000000000000000000000
2017-03-21,Aladin House (2822169),Tri Hutch - BonsTri (3850692),Tri Hutch - BonsTri (16041529),227,1,0.004405286343612335,0,0.000000000000000000,0.000000,0.000000000000000000000000,0.000000000000000000000000,0.000000,0.000000000000000000000000,0.000000,0.000000000000000000000000
2017-03-21,Aladin House (2822169),Tri Hutch - KlikFilm (3850763),Tri Hutch - MSB (16042160),224,0,0.000000000000000000,0,0.000000000000000000,0.000000,0.000000000000000000000000,0.000000000000000000000000,0.000000,0.000000000000000000000000,0.000000,0.000000000000000000000000
2017-03-21,Aladin House (2822169),Tri Hutch - TriXogo (3848713),Tri Hutch - HDRCamera (16041178),209,2,0.009569377990430622,0,0.000000000000000000,0.000000,0.000000000000000000000000,0.000000000000000000000000,0.000000,0.000000000000000000000000,0.000000,0.000000000000000000000000
2017-03-21,Aladin House (2822169),Tri Hutch - 4G Berani (3872390),Tri Hutch - 4G OTT (16121271),201,1,0.004975124378109453,0,0.000000000000000000,0.000000,0.000000000000000000000000,0.000000000000000000000000,0.000000,0.000000000000000000000000,0.000000,0.000000000000000000000000
2017-03-21,Aladin House (2822169),Tri Hutch - TriLoker (3848781),Tri Hutch - TriLoker (16035397),57,0,0.000000000000000000,0,0.000000000000000000,0.000000,0.000000000000000000000000,0.000000000000000000000000,0.000000,0.000000000000000000000000,0.000000,0.000000000000000000000000
2017-03-21,Aladin RTB (2512901),Blank,Blank,46,0,0.000000000000000000,0,0.000000000000000000,0.000000,0.000000000000000000000000,0.000000000000000000000000,0.000000,0.000000000000000000000000,0.000000,0.000000000000000000000000
